City_ID,City,Country,Date,Lat,Lng,Max Temp,Humidity,Cloudiness,Wind Speed
0,Busselton,AU,2022-09-07  23-43-18,-33.65,115.3333,50.94,78,89,6.69
1,Lata,PT,2022-09-07  23-43-19,40.1629,-8.3327,68.07,86,97,1.97
2,Albany,US,2022-09-07  23-39-04,42.6001,-73.9662,66.88,88,97,1.66
3,Kutum,SD,2022-09-07  23-38-50,14.2,24.6667,71.62,69,99,8.3
4,Clyde River,CA,2022-09-07  23-43-20,70.4692,-68.5914,35.83,100,100,17.27
5,Kapaa,US,2022-09-07  23-38-23,22.0752,-159.319,84.09,73,75,11.99
6,Rikitea,PF,2022-09-07  23-43-20,-23.1203,-134.9692,72.68,72,4,23.82
7,Acajutla,SV,2022-09-07  23-43-21,13.5928,-89.8275,81.28,82,56,4.74
8,Caravelas,BR,2022-09-07  23-43-21,-17.7125,-39.2481,68.5,72,100,6.46
9,Provideniya,RU,2022-09-07  23-43-22,64.3833,-173.3,50.36,76,75,13.42
10,Guerrero Negro,MX,2022-09-07  23-43-22,27.9769,-114.0611,78.13,77,92,24.07
11,Dunedin,NZ,2022-09-07  23-41-23,-45.8742,170.5036,50.81,65,89,3.15
12,Graham,US,2022-09-07  23-43-22,47.0529,-122.2943,79.34,42,0,10.36
13,Dikson,RU,2022-09-07  23-43-23,73.5069,80.5464,37.63,87,100,20.47
14,Oktyabrskiy,RU,2022-09-07  23-43-23,54.4815,53.471,46.8,66,100,6.51
15,Cherskiy,RU,2022-09-07  23-43-23,68.75,161.3,58.05,36,67,19.42
16,Castro,BR,2022-09-07  23-43-24,-24.7911,-50.0119,57.6,91,9,2.95
17,Tres Barras,BR,2022-09-07  23-43-24,-26.1064,-50.3222,56.7,99,19,2.04
18,Rawson,AR,2022-09-07  23-43-24,-43.3002,-65.1023,44.4,61,98,14.23
19,Cape Town,ZA,2022-09-07  23-42-18,-33.9258,18.4232,56.26,90,0,13.8
20,Victoria,HK,2022-09-07  23-41-55,22.2855,114.1577,86.25,78,97,5.01
21,Jamestown,US,2022-09-07  23-38-56,42.097,-79.2353,66.06,69,100,8.05
22,Mahebourg,MU,2022-09-07  23-43-25,-20.4081,57.7,70.09,73,75,6.91
23,New Norfolk,AU,2022-09-07  23-43-26,-42.7826,147.0587,54.72,76,89,1.01
24,Necochea,AR,2022-09-07  23-43-26,-38.5473,-58.7368,59.79,61,92,8.59
25,Lagos,NG,2022-09-07  23-43-26,6.5833,3.75,79.12,91,93,5.79
26,Nikolskoye,RU,2022-09-07  23-43-27,59.7035,30.7861,45.79,95,55,4.54
27,Butaritari,KI,2022-09-07  23-43-27,3.0707,172.7902,81.32,76,88,16.11
28,Qaanaaq,GL,2022-09-07  23-43-28,77.484,-69.3632,31.01,84,82,2.17
29,Phan Thiet,VN,2022-09-07  23-43-28,10.9333,108.1,76.96,89,100,6.46
30,Saskylakh,RU,2022-09-07  23-40-31,71.9167,114.0833,36.99,79,98,9.42
31,Fairbanks,US,2022-09-07  23-43-04,64.8378,-147.7164,59.23,74,75,1.99
32,Bluff,NZ,2022-09-07  23-43-29,-46.6,168.3333,50.81,59,80,2.08
33,Atuona,PF,2022-09-07  23-40-03,-9.8,-139.0333,76.51,81,30,27.72
34,Nha Trang,VN,2022-09-07  23-40-54,12.25,109.1833,75.2,88,100,3.4
35,Souillac,MU,2022-09-07  23-43-30,-20.5167,57.5167,70.18,73,75,6.91
36,Mount Isa,AU,2022-09-07  23-43-30,-20.7333,139.5,76.77,47,40,0.0
37,Saldanha,ZA,2022-09-07  23-42-21,-33.0117,17.9442,54.57,90,0,14.34
38,Chuy,UY,2022-09-07  23-40-15,-33.6971,-53.4616,57.97,93,22,6.02
39,Hobart,AU,2022-09-07  23-42-22,-42.8794,147.3294,55.06,83,75,6.91
40,Punta Arenas,CL,2022-09-07  23-41-02,-53.15,-70.9167,39.22,75,100,13.8
41,Abha,SA,2022-09-07  23-43-31,18.2164,42.5053,71.42,37,0,0.0
42,Cap Malheureux,MU,2022-09-07  23-43-31,-19.9842,57.6142,68.47,70,44,3.0
43,Ilulissat,GL,2022-09-07  23-43-32,69.2167,-51.1,39.22,87,75,1.14
44,Concordia,AR,2022-09-07  23-41-01,-31.393,-58.0209,59.13,80,0,7.2
45,Scarborough,GB,2022-09-07  23-41-36,54.2797,-0.4044,58.33,91,91,5.19
46,San Pedro,PH,2022-09-07  23-41-59,14.35,121.0167,85.32,77,20,3.44
47,Gayeri,BF,2022-09-07  23-43-36,12.6497,0.4931,69.55,95,69,17.63
48,Belaya Gora,RU,2022-09-07  23-43-36,68.5333,146.4167,55.51,44,100,14.12
49,Ambam,CM,2022-09-07  23-43-36,2.3833,11.2833,69.51,95,82,3.53
50,Ushuaia,AR,2022-09-07  23-43-37,-54.8,-68.3,37.06,70,40,4.61
51,Port Elizabeth,ZA,2022-09-07  23-43-37,-33.918,25.5701,55.69,98,0,2.3
52,Palmer,US,2022-09-07  23-40-52,42.1584,-72.3287,68.25,78,75,6.91
53,Bethel,US,2022-09-07  23-43-37,41.3712,-73.414,70.11,79,75,6.91
54,Tuatapere,NZ,2022-09-07  23-43-38,-46.1333,167.6833,49.32,66,39,2.55
55,Umm Lajj,SA,2022-09-07  23-42-09,25.0213,37.2685,84.09,56,0,12.5
56,Korla,CN,2022-09-07  23-43-38,41.7597,86.1469,75.67,20,0,5.19
57,Manono,CD,2022-09-07  23-43-38,-7.3,27.4167,74.86,26,5,4.36
58,Rio Grande,BR,2022-09-07  23-43-39,-32.035,-52.0986,60.94,85,86,6.17
59,Ayan,RU,2022-09-07  23-43-39,56.45,138.1667,50.95,72,91,25.03
60,Port Blair,IN,2022-09-07  23-43-39,11.6667,92.75,75.24,100,100,1.14
61,Gondar,ET,2022-09-07  23-43-40,12.6,37.4667,56.98,83,72,1.52
62,Kathmandu,NP,2022-09-07  23-39-56,27.7167,85.3167,70.02,94,75,0.0
63,Fortuna,US,2022-09-07  23-40-09,40.5982,-124.1573,73.09,94,92,7.45
64,Pinheiro Machado,BR,2022-09-07  23-43-40,-31.5783,-53.3811,59.05,89,86,3.02
65,Hamilton,US,2022-09-07  23-43-25,39.1834,-84.5333,78.24,65,40,10.36
66,Kamaishi,JP,2022-09-07  23-43-40,39.2667,141.8833,71.04,81,99,10.02
67,Kavieng,PG,2022-09-07  23-43-41,-2.5744,150.7967,85.08,69,69,12.86
68,Forio,IT,2022-09-07  23-43-41,40.7342,13.8646,78.42,88,75,9.75
69,Vaini,TO,2022-09-07  23-43-41,-21.2,-175.2,82.56,83,40,9.22
70,Hermanus,ZA,2022-09-07  23-43-42,-34.4187,19.2345,53.8,88,23,8.05
71,Barrow,US,2022-09-07  23-43-42,71.2906,-156.7887,50.02,71,20,6.91
72,Tuktoyaktuk,CA,2022-09-07  23-43-42,69.4541,-133.0374,42.8,93,100,12.66
73,Bredasdorp,ZA,2022-09-07  23-43-43,-34.5322,20.0403,47.95,94,24,1.57
74,Sur,OM,2022-09-07  23-43-43,22.5667,59.5289,79.0,70,0,8.68
75,Bowen,AU,2022-09-07  23-43-43,-20.0167,148.2333,72.75,66,9,12.19
76,Sawai Madhopur,IN,2022-09-07  23-43-44,25.9833,76.3667,81.66,65,91,1.25
77,Xichang,CN,2022-09-07  23-43-44,27.8964,102.2634,62.89,92,100,1.63
78,Yuanping,CN,2022-09-07  23-43-44,38.7153,112.7575,62.65,53,66,1.79
79,Esna,EG,2022-09-07  23-43-45,25.2934,32.554,82.42,35,0,8.41
80,Porto Santo,PT,2022-09-07  23-43-45,33.072,-16.3415,71.98,83,20,8.05
81,Kodiak,US,2022-09-07  23-43-45,57.79,-152.4072,54.91,82,100,9.22
82,Beringovskiy,RU,2022-09-07  23-43-46,63.05,179.3167,45.99,61,5,6.35
83,Bandarbeyla,SO,2022-09-07  23-43-46,9.4942,50.8122,76.73,76,9,24.65
84,Lebu,CL,2022-09-07  23-43-46,-37.6167,-73.65,44.4,69,35,9.53
85,Chumikan,RU,2022-09-07  23-43-46,54.7183,135.315,55.58,61,99,25.64
86,Sundumbili,ZA,2022-09-07  23-43-47,-29.1337,31.3975,59.99,87,0,5.88
87,Tricase,IT,2022-09-07  23-43-47,39.9304,18.3553,70.95,68,3,7.2
88,Leningradskiy,RU,2022-09-07  23-43-47,69.3833,178.4167,45.75,50,4,9.22
89,Masumbwe,TZ,2022-09-07  23-43-48,-3.6333,32.1833,66.0,85,99,0.45
90,Yellowknife,CA,2022-09-07  23-43-51,62.456,-114.3525,52.32,62,75,14.97
91,Kaitangata,NZ,2022-09-07  23-43-51,-46.2817,169.8464,50.61,53,83,0.83
92,Aleksandrovka,UA,2022-09-07  23-43-52,46.8383,32.7612,52.27,45,0,2.82
93,Berlevag,NO,2022-09-07  23-43-52,70.8578,29.0864,48.2,92,100,22.15
94,Cidreira,BR,2022-09-07  23-43-52,-30.1811,-50.2056,60.67,94,18,9.04
95,Thompson,CA,2022-09-07  23-43-53,55.7435,-97.8558,73.56,31,75,8.05
96,Ourinhos,BR,2022-09-07  23-43-53,-22.9789,-49.8706,64.51,80,33,5.28
97,Severo-Kurilsk,RU,2022-09-07  23-38-58,50.6789,156.125,55.94,94,100,16.53
98,Hilo,US,2022-09-07  23-43-53,19.7297,-155.09,88.29,73,40,8.05
99,Guozhen,CN,2022-09-07  23-43-54,34.3659,107.359,67.73,90,100,1.41
100,Sitka,US,2022-09-07  23-43-54,57.0531,-135.33,62.49,59,75,10.36
101,Tomatlan,MX,2022-09-07  23-43-54,19.9333,-105.25,82.56,81,100,4.9
102,Whitianga,NZ,2022-09-07  23-43-55,-36.8333,175.7,55.54,63,17,3.02
103,Longyearbyen,SJ,2022-09-07  23-41-16,78.2186,15.6401,40.84,93,75,4.61
104,Avarua,CK,2022-09-07  23-42-16,-21.2078,-159.775,78.85,73,8,17.27
105,Praia Da Vitoria,PT,2022-09-07  23-43-55,38.7333,-27.0667,77.25,88,75,13.24
106,Codrington,AU,2022-09-07  23-43-55,-38.2667,141.9667,56.14,93,100,17.45
107,Parker,US,2022-09-07  23-43-56,32.7668,-97.8003,92.91,42,3,4.0
108,Goundam,ML,2022-09-07  23-43-56,16.4145,-3.6708,89.33,43,58,6.13
109,Biak,ID,2022-09-07  23-43-56,-0.9131,122.8766,78.31,80,87,3.33
110,Abu Dhabi,AE,2022-09-07  23-39-39,24.4667,54.3667,87.91,71,0,1.14
111,Laguna,US,2022-09-07  23-43-57,38.421,-121.4238,111.06,15,0,5.75
112,Belyy Yar,RU,2022-09-07  23-43-57,53.6039,91.3903,73.29,46,0,13.42
113,Pudozh,RU,2022-09-07  23-43-57,61.8099,36.5345,36.28,94,59,4.68
114,Norman Wells,CA,2022-09-07  23-43-58,65.282,-126.8329,59.04,41,75,9.22
115,Tiksi,RU,2022-09-07  23-43-58,71.6872,128.8694,43.65,80,98,5.46
116,Naze,JP,2022-09-07  23-43-58,28.3667,129.4833,81.52,72,90,10.18
117,Comodoro Rivadavia,AR,2022-09-07  23-43-59,-45.8667,-67.5,35.46,93,100,4.61
118,Garden City,US,2022-09-07  23-43-59,42.3256,-83.331,77.2,50,20,8.05
119,Mataura,NZ,2022-09-07  23-43-59,-46.1927,168.8643,50.49,68,76,1.97
120,Omsukchan,RU,2022-09-07  23-44-00,62.5333,155.8,43.9,83,96,7.56
121,Torbay,CA,2022-09-07  23-44-00,47.6666,-52.7314,54.28,89,100,11.5
122,Esperance,AU,2022-09-07  23-44-00,-33.8667,121.9,55.42,69,60,13.11
123,Dukat,RU,2022-09-07  23-44-00,62.55,155.55,42.42,83,96,8.79
124,Turukhansk,RU,2022-09-07  23-44-01,65.8167,87.9833,39.24,88,100,15.77
125,Allende,MX,2022-09-07  23-44-01,25.2833,-100.0167,78.75,80,90,1.79
126,Pevek,RU,2022-09-07  23-44-02,69.7008,170.3133,44.11,59,9,17.83
127,Puerto Ayora,EC,2022-09-07  23-44-02,-0.7393,-90.3518,68.56,92,99,8.99
128,Kalianget,ID,2022-09-07  23-44-03,-7.05,113.9333,81.91,74,62,13.02
129,Ursulo Galvan,MX,2022-09-07  23-44-03,22.7333,-98.3,81.68,87,73,6.8
130,Xuddur,SO,2022-09-07  23-44-04,4.1213,43.8894,69.4,74,35,19.8
131,Upernavik,GL,2022-09-07  23-44-04,72.7868,-56.1549,37.47,79,97,5.73
132,Khor,RU,2022-09-07  23-44-04,47.8861,134.9464,62.55,75,2,12.24
133,Rumoi,JP,2022-09-07  23-44-05,43.9344,141.6428,69.31,58,0,8.59
134,Makakilo City,US,2022-09-07  23-44-05,21.3469,-158.0858,86.32,54,75,14.97
135,Kushima,JP,2022-09-07  23-44-06,31.4583,131.2333,78.06,68,91,3.56
136,Araci,BR,2022-09-07  23-44-09,-11.3333,-38.9667,67.44,83,51,8.32
137,Saint-Philippe,RE,2022-09-07  23-40-12,-21.3585,55.7679,69.39,78,16,7.67
138,Hirara,JP,2022-09-07  23-44-10,24.8,125.2833,80.46,78,40,20.71
139,Newport,GB,2022-09-07  23-44-10,51.5877,-2.9984,61.45,85,88,9.28
140,Abrau-Dyurso,RU,2022-09-07  23-44-11,44.69,37.59,47.66,59,1,7.18
141,Tual,ID,2022-09-07  23-44-11,-5.6667,132.75,80.37,80,37,11.48
142,Deputatskiy,RU,2022-09-07  23-44-11,69.3,139.9,37.85,94,100,7.72
143,Visnes,NO,2022-09-07  23-44-12,59.3556,5.2242,63.21,48,40,11.5
144,Grindavik,IS,2022-09-07  23-44-12,63.8424,-22.4338,54.07,82,75,1.14
145,Padang,ID,2022-09-07  23-44-13,-0.9492,100.3543,73.45,73,100,3.29
146,Mar Del Plata,AR,2022-09-07  23-43-05,-38.0023,-57.5575,62.62,77,0,9.22
147,Kyzyl,RU,2022-09-07  23-44-13,51.7,94.45,62.46,40,36,3.13
148,Susanville,US,2022-09-07  23-44-14,40.4163,-120.653,98.91,16,0,14.97
149,Alofi,NU,2022-09-07  23-44-14,-19.0595,-169.9187,82.29,65,40,12.66
150,Meulaboh,ID,2022-09-07  23-44-15,4.1363,96.1285,74.21,87,99,4.41
151,Nanortalik,GL,2022-09-07  23-44-15,60.1432,-45.2371,43.41,92,23,4.74
152,Vanimo,PG,2022-09-07  23-44-16,-2.6741,141.3028,84.16,68,93,3.85
153,Hithadhoo,MV,2022-09-07  23-44-16,-0.6,73.0833,81.72,71,96,15.17
154,Kharp,RU,2022-09-07  23-44-17,66.8014,65.8081,30.11,90,58,5.93
155,Bereda,ES,2022-09-07  23-44-17,43.2686,-7.5406,61.41,100,92,5.06
156,Indramayu,ID,2022-09-07  23-44-17,-6.3264,108.32,79.59,77,100,4.29
157,West Plains,US,2022-09-07  23-44-18,36.7281,-91.8524,83.23,67,0,9.22
158,Kruisfontein,ZA,2022-09-07  23-40-23,-34.0033,24.7314,53.82,78,0,5.93
159,Semey,KZ,2022-09-07  23-44-18,50.4111,80.2275,59.22,38,0,6.71
160,Geraldton,AU,2022-09-07  23-44-19,-28.7667,114.6,52.21,93,89,5.75
161,Port Macquarie,AU,2022-09-07  23-44-19,-31.4333,152.9167,65.89,64,67,11.16
162,Kenai,US,2022-09-07  23-42-49,60.5544,-151.2583,55.49,81,100,0.0
163,Westport,US,2022-09-07  23-39-55,41.1415,-73.3579,71.74,68,100,9.22
164,Half Moon Bay,US,2022-09-07  23-44-20,37.4636,-122.4286,104.88,65,0,11.5
165,Bambous Virieux,MU,2022-09-07  23-44-20,-20.3428,57.7575,70.05,73,75,6.91
166,Buraydah,SA,2022-09-07  23-40-49,26.326,43.975,86.45,11,0,5.39
167,Komsomolskiy,UZ,2022-09-07  23-44-21,40.4272,71.7189,70.52,37,0,2.3
168,Chokurdakh,RU,2022-09-07  23-44-21,70.6333,147.9167,55.92,44,100,12.82
169,Yaan,NG,2022-09-07  23-44-22,7.3833,8.5667,71.73,96,88,7.05
170,Port Alfred,ZA,2022-09-07  23-44-22,-33.5906,26.891,60.44,89,2,8.25
171,Ribeira Grande,PT,2022-09-07  23-44-22,38.5167,-28.7,75.34,91,100,20.15
172,Pouembout,NC,2022-09-07  23-44-23,-21.1333,164.9,77.45,62,34,3.02
173,Iqaluit,CA,2022-09-07  23-44-23,63.7506,-68.5145,42.53,86,75,4.61
174,Methoni,GR,2022-09-07  23-44-24,36.8197,21.7049,66.06,58,0,4.85
175,Correntina,BR,2022-09-07  23-44-24,-13.3433,-44.6367,73.2,51,68,11.03
176,Port Lincoln,AU,2022-09-07  23-44-24,-34.7333,135.8667,53.6,91,86,20.69
177,Shieli,KZ,2022-09-07  23-44-25,44.1667,66.75,66.49,21,93,17.58
178,Mutoko,ZW,2022-09-07  23-44-25,-17.397,32.2268,51.55,77,0,4.79
179,Yumen,CN,2022-09-07  23-44-25,40.2833,97.2,68.58,14,0,2.98
180,Airai,TL,2022-09-07  23-44-26,-8.9266,125.4092,70.93,29,96,2.39
181,Keflavik,IS,2022-09-07  23-44-26,64.0049,-22.5624,54.03,82,75,1.14
182,Bonthe,SL,2022-09-07  23-44-30,7.5264,-12.505,76.03,87,99,9.53
183,Bijar,IR,2022-09-07  23-44-31,35.8668,47.6051,65.79,30,0,4.63
184,Hilton Head Island,US,2022-09-07  23-44-25,32.2163,-80.7526,87.91,79,20,0.0
185,Altensteig,DE,2022-09-07  23-44-31,48.5833,8.6,62.83,95,99,4.05
186,Ponta Do Sol,PT,2022-09-07  23-44-32,32.6667,-17.1,72.72,78,6,3.96
187,Talnakh,RU,2022-09-07  23-44-33,69.4865,88.3972,33.21,80,14,2.06
188,Batagay,RU,2022-09-07  23-44-33,67.6333,134.6333,43.9,87,100,13.13
189,Sao Filipe,CV,2022-09-07  23-44-34,14.8961,-24.4956,78.58,89,74,14.56
190,Lorengau,PG,2022-09-07  23-44-34,-2.0226,147.2712,84.56,68,53,4.65
191,La Libertad,EC,2022-09-07  23-44-34,-2.2333,-80.9,69.46,83,100,8.05
192,Manali,IN,2022-09-07  23-44-35,13.1667,80.2667,78.89,80,100,10.8
193,Eureka,US,2022-09-07  23-40-43,40.8021,-124.1637,96.75,79,82,1.99
194,Nome,US,2022-09-07  23-40-50,64.5011,-165.4064,51.87,72,40,10.36
195,Altamira,BR,2022-09-07  23-44-35,-3.2033,-52.2064,78.89,83,0,0.0
196,Mandalgovi,MN,2022-09-07  23-44-36,45.7625,106.2708,64.38,33,3,4.21
197,Genhe,CN,2022-09-07  23-44-36,50.7833,121.5167,55.99,47,7,6.35
198,Port Hardy,CA,2022-09-07  23-42-54,50.6996,-127.4199,62.78,67,40,12.66
199,Te Anau,NZ,2022-09-07  23-44-36,-45.4167,167.7167,41.16,88,86,1.07
200,Arlit,NE,2022-09-07  23-44-37,18.7369,7.3853,94.96,17,57,7.58
201,Mayor Pablo Lagerenza,PY,2022-09-07  23-44-37,-19.9309,-60.7718,92.07,17,0,13.4
202,Road Town,VG,2022-09-07  23-42-32,18.4167,-64.6167,84.29,74,20,5.75
203,Kalabo,ZM,2022-09-07  23-44-38,-14.97,22.6814,63.37,34,0,6.31
204,Kununurra,AU,2022-09-07  23-40-57,-15.7667,128.7333,75.18,83,3,3.44
205,Susuman,RU,2022-09-07  23-44-38,62.7833,148.1667,47.57,78,90,4.16
206,Taft,IR,2022-09-07  23-44-38,31.7471,54.2088,71.55,16,0,2.3
207,Puerto Ayacucho,VE,2022-09-07  23-44-39,5.6639,-67.6236,77.23,88,86,3.33
208,Souris,CA,2022-09-07  23-44-39,49.6172,-100.2612,80.46,20,0,12.91
209,Namatanai,PG,2022-09-07  23-44-39,-3.6667,152.4333,85.39,66,49,7.63
210,Kamina,CD,2022-09-07  23-44-40,-8.7386,24.9906,68.22,26,3,4.29
211,Salinopolis,BR,2022-09-07  23-44-40,-0.6136,-47.3561,79.92,79,97,13.0
212,Khlevnoye,RU,2022-09-07  23-44-40,52.1951,39.0932,48.22,53,100,7.99
213,Andenes,NO,2022-09-07  23-44-41,69.3143,16.1194,46.38,81,100,3.44
214,Bengkulu,ID,2022-09-07  23-44-41,-3.8004,102.2655,73.81,87,100,4.79
215,Georgetown,MY,2022-09-07  23-42-03,5.4112,100.3354,79.9,96,40,3.44
216,Arraial Do Cabo,BR,2022-09-07  23-44-41,-22.9661,-42.0278,68.52,77,35,28.32
217,Paamiut,GL,2022-09-07  23-44-42,61.994,-49.6678,40.44,83,99,12.41
218,Svetlyy,RU,2022-09-07  23-44-42,54.675,20.1347,42.85,90,91,6.4
219,Port Augusta,AU,2022-09-07  23-44-42,-32.5,137.7667,58.35,69,46,13.65
220,Luganville,VU,2022-09-07  23-44-42,-15.5333,167.1667,83.95,67,7,6.6
221,Ouesso,CG,2022-09-07  23-44-43,1.6136,16.0517,72.28,95,84,2.04
222,Mackay,AU,2022-09-07  23-44-43,-21.15,149.2,74.68,69,4,11.01
223,Krasnogorskoye,RU,2022-09-07  23-44-43,52.2953,86.1979,60.85,42,100,8.86
224,Lukovetskiy,RU,2022-09-07  23-44-44,64.2956,41.9211,36.54,98,89,5.1
225,Northam,GB,2022-09-07  23-44-44,51.0333,-4.2167,59.4,95,74,15.9
226,Touros,BR,2022-09-07  23-44-44,-5.1989,-35.4608,74.97,79,0,17.27
227,Ancud,CL,2022-09-07  23-40-06,-41.8697,-73.8203,43.23,89,98,7.54
228,Hambantota,LK,2022-09-07  23-43-42,6.1241,81.1185,78.04,82,100,17.34
229,Sao Gabriel Da Cachoeira,BR,2022-09-07  23-44-48,-0.1303,-67.0892,73.6,94,56,2.17
230,Lebork,PL,2022-09-07  23-44-48,54.5392,17.7501,51.35,89,100,7.81
231,Okotoks,CA,2022-09-07  23-44-48,50.7289,-113.9828,78.78,37,91,3.0
232,Torrington,US,2022-09-07  23-44-49,41.8007,-73.1212,67.62,91,94,3.0
233,Tasiilaq,GL,2022-09-07  23-42-53,65.6145,-37.6368,42.96,99,100,3.18
234,Sheksna,RU,2022-09-07  23-44-49,59.21,38.5107,40.48,93,100,10.65
235,Amapa,BR,2022-09-07  23-44-49,1.0,-52.0,70.66,99,100,2.28
236,Verkhoyansk,RU,2022-09-07  23-44-50,67.5447,133.385,46.47,70,100,14.43
237,Marzuq,YE,2022-09-07  23-44-50,14.4,46.4667,80.24,55,31,4.68
238,Chau Doc,VN,2022-09-07  23-44-50,10.7,105.1167,75.13,93,100,8.59
239,Illapel,CL,2022-09-07  23-44-51,-31.6308,-71.1653,49.86,79,68,3.29
240,Vawkavysk,BY,2022-09-07  23-44-51,53.1561,24.4513,43.02,68,8,1.9
241,Atwater,US,2022-09-07  23-44-51,37.3477,-120.6091,111.31,13,0,16.11
242,Katsuura,JP,2022-09-07  23-44-52,35.1333,140.3,80.92,77,44,17.47
243,Coruripe,BR,2022-09-07  23-44-52,-10.1256,-36.1756,72.1,72,0,10.69
244,Dingle,PH,2022-09-07  23-44-52,10.9995,122.6711,81.16,84,69,4.32
245,Tsiroanomandidy,MG,2022-09-07  23-44-53,-18.7667,46.0333,59.81,66,0,3.53
246,Mabaruma,GY,2022-09-07  23-44-53,8.2,-59.7833,74.62,97,26,3.91
247,Kokopo,PG,2022-09-07  23-44-53,-4.352,152.2633,86.02,61,47,11.14
248,Atikokan,CA,2022-09-07  23-44-53,48.7555,-91.6216,66.34,43,22,2.24
249,Ewa Beach,US,2022-09-07  23-44-54,21.3156,-158.0072,87.75,53,40,15.01
250,Mende,FR,2022-09-07  23-44-54,44.6667,3.5,50.65,92,94,4.63
251,Srednekolymsk,RU,2022-09-07  23-44-54,67.45,153.6833,59.72,37,100,14.45
252,Ust-Nera,RU,2022-09-07  23-44-55,64.5667,143.2,45.41,94,100,5.86
253,Mangai,CD,2022-09-07  23-44-55,-4.05,19.5333,74.26,79,57,1.1
254,Chegdomyn,RU,2022-09-07  23-44-55,51.1167,133.0167,51.51,79,100,8.25
255,Monrovia,LR,2022-09-07  23-42-31,6.3005,-10.7969,75.99,86,99,9.19
256,Griffith,US,2022-09-07  23-44-55,41.5284,-87.4237,78.06,67,0,6.91
257,Labrea,BR,2022-09-07  23-44-56,-7.2586,-64.7981,87.33,40,89,2.48
258,Qandala,SO,2022-09-07  23-44-56,11.472,49.8728,89.01,54,2,4.54
259,Irtyshskiy,RU,2022-09-07  23-44-56,58.3333,68.1333,39.54,98,100,7.27
260,Sainte-Anne-Des-Monts,CA,2022-09-07  23-44-57,49.124,-66.4924,55.27,94,4,3.44
261,Puerto Escondido,MX,2022-09-07  23-44-57,15.85,-97.0667,82.18,75,70,2.21
262,Cristinapolis,BR,2022-09-07  23-44-57,-11.4756,-37.7553,65.8,94,13,2.77
263,Khatanga,RU,2022-09-07  23-44-58,71.9667,102.5,31.26,84,77,9.91
264,Krasnyy Chikoy,RU,2022-09-07  23-44-58,50.3643,108.7512,58.87,78,33,3.06
265,Auki,SB,2022-09-07  23-44-58,-8.7676,160.7034,85.5,63,70,3.8
266,Buchanan,LR,2022-09-07  23-40-14,5.8808,-10.0467,75.81,86,85,8.19
267,Worland,US,2022-09-07  23-44-59,44.0169,-107.9554,99.59,7,25,15.52
268,Acarau,BR,2022-09-07  23-44-59,-2.8856,-40.12,78.01,79,3,18.45
269,Vanersborg,SE,2022-09-07  23-44-59,58.3807,12.3234,55.24,76,40,11.5
270,Aranos,NA,2022-09-07  23-44-59,-24.1333,19.1167,63.79,29,6,9.46
271,Cayenne,GF,2022-09-07  23-45-00,4.9333,-52.3333,77.04,88,71,1.14
272,Arman,RU,2022-09-07  23-45-00,59.7,150.1667,53.02,97,100,14.12
273,Acapulco,MX,2022-09-07  23-40-55,16.8634,-99.8901,85.82,74,75,12.66
274,Saint George,US,2022-09-07  23-41-38,37.1041,-113.5841,106.39,17,0,8.05
275,Honiara,SB,2022-09-07  23-45-05,-9.4333,159.95,87.13,63,61,9.78
276,Luanda,AO,2022-09-07  23-45-05,-8.8368,13.2343,70.54,89,42,10.65
277,Ponta Delgada,PT,2022-09-07  23-45-06,37.7333,-25.6667,79.5,94,40,8.05
278,Kapit,MY,2022-09-07  23-44-29,2.0167,112.9333,75.18,96,71,0.63
279,Redmond,US,2022-09-07  23-43-15,47.674,-122.1215,80.98,45,55,5.99
280,Careiro Da Varzea,BR,2022-09-07  23-45-06,-3.2003,-59.8119,86.61,62,54,5.35
281,Nikel,RU,2022-09-07  23-45-07,69.4128,30.222,42.98,76,100,5.28
282,Linxia,CN,2022-09-07  23-45-08,35.6003,103.2064,55.98,67,71,4.18
283,Adrar,MR,2022-09-07  23-45-08,20.5022,-10.0711,96.35,18,3,10.65
284,Lashio,MM,2022-09-07  23-45-08,22.9333,97.75,66.6,85,92,2.15
285,Kiruna,SE,2022-09-07  23-45-09,67.8557,20.2251,41.92,87,100,4.61
286,Carnarvon,AU,2022-09-07  23-44-14,-24.8667,113.6333,63.39,46,98,9.93
287,Majene,ID,2022-09-07  23-45-10,-3.5403,118.9707,78.84,83,97,5.66
288,Luderitz,NA,2022-09-07  23-45-10,-26.6481,15.1594,57.4,77,0,10.4
289,East London,ZA,2022-09-07  23-45-10,-33.0153,27.9116,61.63,87,15,7.52
290,Mount Pleasant,US,2022-09-07  23-45-11,32.7941,-79.8626,86.0,80,0,4.61
291,Ahipara,NZ,2022-09-07  23-45-12,-35.1667,173.1667,57.52,59,99,2.08
292,Bagdarin,RU,2022-09-07  23-45-12,54.4333,113.6,45.05,67,68,1.36
293,Porto Walter,BR,2022-09-07  23-45-12,-8.2686,-72.7439,80.8,43,10,2.51
294,Vada,NL,2022-09-07  23-45-13,51.97,5.6667,66.11,86,100,2.3
295,Burhaniye,TR,2022-09-07  23-45-13,39.5004,26.9727,69.71,46,0,18.41
296,Port-Gentil,GA,2022-09-07  23-45-14,-0.7193,8.7815,76.96,83,75,13.8
297,Farmington,US,2022-09-07  23-44-02,36.7281,-108.2187,93.88,14,0,6.91
298,Rocha,UY,2022-09-07  23-40-26,-34.4833,-54.3333,57.81,90,0,4.76
299,Katsina,NG,2022-09-07  23-45-14,12.9894,7.6006,73.72,81,73,5.06
300,Kanalia,GR,2022-09-07  23-45-15,39.5,22.8833,64.22,78,0,2.28
301,Atar,MR,2022-09-07  23-43-59,20.5169,-13.0499,95.85,19,4,8.77
302,Ugoofaaru,MV,2022-09-07  23-45-15,5.6667,73.0,80.87,82,100,15.77
303,Quang Ngai,VN,2022-09-07  23-45-16,15.1167,108.8,77.27,87,100,3.11
304,Vila Velha,BR,2022-09-07  23-45-16,-20.3297,-40.2925,71.55,76,75,5.75
305,Pong,TH,2022-09-07  23-45-17,19.1493,100.2752,73.17,96,74,0.94
306,Midland,US,2022-09-07  23-40-34,31.9974,-102.0779,90.81,26,0,18.41
307,Namibe,AO,2022-09-07  23-45-17,-15.1961,12.1522,64.81,93,38,3.67
308,Hikari,JP,2022-09-07  23-45-18,33.955,131.95,76.98,63,97,4.23
309,Vermes,RO,2022-09-07  23-45-18,45.5206,21.6597,72.79,65,63,5.86
310,Pangnirtung,CA,2022-09-07  23-45-18,66.1451,-65.7125,47.1,62,87,9.01
311,Vardo,NO,2022-09-07  23-45-19,70.3705,31.1107,44.58,81,100,11.5
312,Chicama,PE,2022-09-07  23-44-09,-7.8447,-79.1469,59.54,79,68,7.27
313,Hami,CN,2022-09-07  23-45-19,42.8,93.45,76.64,13,3,7.49
314,Prainha,BR,2022-09-07  23-45-20,-1.8,-53.48,78.8,72,83,2.66
315,Carroll,US,2022-09-07  23-41-51,39.5501,-77.0164,69.12,86,98,1.99
316,Iwaki,JP,2022-09-07  23-45-20,37.05,140.8833,76.77,93,100,6.22
317,Quatre Cocos,MU,2022-09-07  23-45-21,-20.2078,57.7625,69.91,69,81,9.28
318,Calama,CL,2022-09-07  23-45-21,-22.4667,-68.9333,61.29,8,0,19.57
319,Charters Towers,AU,2022-09-07  23-45-22,-20.1,146.2667,74.75,57,18,16.44
320,Cozumel,MX,2022-09-07  23-42-44,20.5083,-86.9458,84.0,74,75,3.0
321,Nanakuli,US,2022-09-07  23-45-24,21.3906,-158.1547,87.75,54,75,8.05
322,Henties Bay,NA,2022-09-07  23-45-27,-22.116,14.2845,56.3,85,0,5.17
323,Leua,SK,2022-09-07  23-45-28,48.2156,18.6071,68.5,72,88,6.64
324,Hofn,IS,2022-09-07  23-45-28,64.2539,-15.2082,53.01,88,100,3.85
325,Kormilovka,RU,2022-09-07  23-45-28,55.0026,74.1028,44.08,80,10,12.19
326,Lima,PE,2022-09-07  23-44-27,-12.0432,-77.0282,61.9,80,100,12.66
327,Matanzas,CU,2022-09-07  23-45-29,23.0411,-81.5775,84.96,74,40,5.75
328,Kiunga,PG,2022-09-07  23-45-30,-6.1219,141.2906,80.24,82,68,3.0
329,San Rafael,AR,2022-09-07  23-41-13,-34.6177,-68.3301,57.34,24,87,17.96
330,San Patricio,US,2022-09-07  23-45-30,28.017,-97.5169,87.89,63,84,10.8
331,Vao,NC,2022-09-07  23-45-31,-22.6667,167.4833,69.78,70,19,12.46
332,Lavrentiya,RU,2022-09-07  23-42-10,65.5833,-171.0,43.43,88,100,8.66
333,Atambua,ID,2022-09-07  23-45-31,-9.1061,124.8925,80.47,43,79,2.21
334,Edd,ER,2022-09-07  23-45-32,13.9297,41.6925,90.95,58,53,8.66
335,Marsh Harbour,BS,2022-09-07  23-45-32,26.5412,-77.0636,83.89,69,29,5.86
336,San Angelo,US,2022-09-07  23-43-53,31.4638,-100.437,93.42,30,0,9.22
337,Flin Flon,CA,2022-09-07  23-45-33,54.7682,-101.865,75.04,33,75,9.22
338,Muyezerskiy,RU,2022-09-07  23-45-33,63.9333,31.65,34.16,95,62,4.56
339,Shetpe,KZ,2022-09-07  23-45-34,44.1667,52.1167,58.78,60,58,3.11
340,Faanui,PF,2022-09-07  23-45-34,-16.4833,-151.75,78.6,73,8,20.67
341,Lazaro Cardenas,MX,2022-09-07  23-45-34,17.9583,-102.2,83.26,74,56,7.43
342,Carlyle,US,2022-09-07  23-40-57,38.6103,-89.3726,79.25,66,36,4.07
343,Shestakovo,RU,2022-09-07  23-45-35,56.4915,103.96,54.59,87,100,7.09
344,Bom Jardim,BR,2022-09-07  23-45-35,-7.7958,-35.5872,63.12,89,3,5.57
345,Lompoc,US,2022-09-07  23-45-35,34.6391,-120.4579,99.79,56,0,13.8
346,Verkh-Usugli,RU,2022-09-07  23-45-36,52.7,115.1667,50.09,61,65,1.23
347,Castro Verde,PT,2022-09-07  23-45-36,37.6983,-8.0858,62.02,86,31,6.73
348,Port Moresby,PG,2022-09-07  23-45-36,-9.4431,147.1797,85.42,74,20,3.44
349,Guanare,VE,2022-09-07  23-45-37,9.0418,-69.7421,76.15,87,93,2.66
350,Mitu,CO,2022-09-07  23-45-37,1.1983,-70.1733,73.54,90,82,1.43
351,Issenye,TZ,2022-09-07  23-45-38,-2.0,34.3333,65.7,82,100,2.1
352,Challans,FR,2022-09-07  23-44-54,46.8436,-1.8749,63.97,78,31,17.87
353,Benjamin Constant,BR,2022-09-07  23-45-38,-4.3831,-70.0311,82.53,74,20,4.61
354,Maunabo,PR,2022-09-07  23-45-39,18.0072,-65.8993,82.71,90,91,3.94
355,Tezu,IN,2022-09-07  23-45-39,27.9167,96.1667,77.54,73,98,2.62
356,Laviana,ES,2022-09-07  23-45-40,43.2333,-5.5333,64.92,78,97,3.02
357,Bonavista,CA,2022-09-07  23-45-40,48.6499,-53.1147,55.9,72,100,17.87
358,Emerald,AU,2022-09-07  23-41-53,-23.5333,148.1667,64.54,88,100,16.11
359,Athabasca,CA,2022-09-07  23-45-11,54.7169,-113.2854,63.01,55,100,6.33
360,Glencoe,ZA,2022-09-07  23-45-40,-28.1783,30.147,53.82,61,0,2.68
361,Saveh,IR,2022-09-07  23-45-41,35.0213,50.3566,78.31,16,30,3.38
362,Narsaq,GL,2022-09-07  23-45-41,60.9167,-46.05,46.62,82,52,3.38
363,Tres Arroyos,AR,2022-09-07  23-45-41,-38.3739,-60.2798,53.64,54,100,8.25
364,Vrangel,RU,2022-09-07  23-45-42,42.7297,133.0839,67.95,73,0,3.76
365,Saint-Louis,SN,2022-09-07  23-45-45,16.3333,-15.0,87.44,71,43,15.3
366,Brezovo,BG,2022-09-07  23-45-45,42.35,25.0833,59.4,65,0,5.61
367,Shiojiri,JP,2022-09-07  23-45-46,36.1,137.9667,69.33,87,75,6.91
368,Bukachacha,RU,2022-09-07  23-45-46,52.9833,116.9167,51.69,48,6,2.37
369,Kahului,US,2022-09-07  23-42-19,20.8947,-156.47,89.62,65,20,26.46
370,Teya,RU,2022-09-07  23-44-10,60.3778,92.6267,51.91,88,77,16.96
371,Cabedelo,BR,2022-09-07  23-45-47,-6.9811,-34.8339,72.27,78,7,15.93
372,Gari,RU,2022-09-07  23-45-47,59.4307,62.3497,41.77,94,96,5.17
373,Yinchuan,CN,2022-09-07  23-45-47,38.4681,106.2731,72.57,38,83,3.18
374,Iroquois Falls,CA,2022-09-07  23-45-47,48.7669,-80.6831,60.19,74,57,4.23
375,Polson,US,2022-09-07  23-44-17,47.6936,-114.1632,87.73,21,68,8.99
376,Phetchaburi,TH,2022-09-07  23-40-51,12.9667,99.5833,73.92,95,100,2.24
377,Ust-Omchug,RU,2022-09-07  23-45-48,61.15,149.6333,47.62,87,100,9.95
378,College,US,2022-09-07  23-45-48,64.8569,-147.8028,59.22,74,75,0.0
379,San-Pedro,CI,2022-09-07  23-45-48,4.7485,-6.6363,72.81,94,51,5.68
380,Kidal,ML,2022-09-07  23-45-49,18.4411,1.4078,91.8,20,17,7.74
381,Okhotsk,RU,2022-09-07  23-45-49,59.3833,143.3,53.15,95,100,17.65
382,Kashi,CN,2022-09-07  23-45-49,39.4547,75.9797,72.61,28,0,11.18
383,Zhigansk,RU,2022-09-07  23-45-50,66.7697,123.3711,45.55,73,96,6.93
384,Hasaki,JP,2022-09-07  23-41-14,35.7333,140.8333,75.6,82,77,18.01
385,Alta Floresta,BR,2022-09-07  23-45-50,-9.8756,-56.0861,82.8,43,64,3.13
386,Dali,CN,2022-09-07  23-45-50,25.7,100.1833,60.71,77,70,2.39
387,Sambava,MG,2022-09-07  23-45-51,-14.2667,50.1667,65.8,86,25,9.62
388,Rorvik,NO,2022-09-07  23-45-51,64.8621,11.2373,54.32,68,87,10.42
389,Bantry,IE,2022-09-07  23-45-51,51.6833,-9.45,58.78,94,74,5.61
390,Bud,US,2022-09-07  23-45-51,39.447,-86.1758,77.2,65,34,3.18
391,Bathsheba,BB,2022-09-07  23-41-28,13.2167,-59.5167,83.01,78,40,6.91
392,Orzu,TJ,2022-09-07  23-45-52,37.5593,68.8184,66.6,18,0,3.15
393,Saint Anthony,US,2022-09-07  23-45-52,45.0205,-93.218,85.95,59,40,6.91
394,Waipawa,NZ,2022-09-07  23-42-52,-41.4122,175.5153,51.39,64,89,0.65
395,Tecoanapa,MX,2022-09-07  23-45-53,16.5167,-98.75,82.45,73,100,7.45
396,Hurghada,EG,2022-09-07  23-45-54,27.2574,33.8129,84.24,26,0,9.22
397,Yar-Sale,RU,2022-09-07  23-45-54,66.8333,70.8333,30.4,88,59,8.7
398,Chirongui,YT,2022-09-07  23-45-54,-12.9319,45.1483,75.13,72,5,7.67
399,Lubuagan,PH,2022-09-07  23-45-55,17.3548,121.1747,76.1,80,42,1.28
400,Hovd,MN,2022-09-07  23-45-55,48.0056,91.6419,63.37,23,0,9.73
401,Mukhen,RU,2022-09-07  23-45-55,48.1,136.1,64.31,62,5,11.68
402,Mittweida,DE,2022-09-07  23-45-56,50.9833,12.9833,60.64,90,92,4.25
403,La Grande,US,2022-09-07  23-45-14,45.3246,-118.0877,86.02,21,96,9.33
404,Rabak,SD,2022-09-07  23-45-56,13.1809,32.74,76.21,82,83,12.33
405,Mariakani,KE,2022-09-07  23-45-56,-3.8633,39.4736,69.89,97,13,6.46
406,Yashan,CN,2022-09-07  23-45-57,22.1975,109.9419,77.74,91,99,2.08
407,Muros,ES,2022-09-07  23-45-57,42.7762,-9.0603,66.09,87,88,4.34
408,Korhogo,CI,2022-09-07  23-45-57,9.45,-5.6333,70.12,96,32,3.91
409,Horsham,GB,2022-09-07  23-45-58,51.064,-0.3272,62.44,94,75,2.3
410,Cabo San Lucas,MX,2022-09-07  23-45-58,22.8909,-109.9124,81.05,87,100,8.01
411,Aksarka,RU,2022-09-07  23-45-47,66.5606,67.7975,29.97,86,49,4.97
412,Portales,US,2022-09-07  23-46-01,34.1862,-103.3344,90.34,26,0,1.01
413,Szydlowiec,PL,2022-09-07  23-46-02,51.2282,20.8611,57.52,47,83,7.47
414,Saint-Pierre,RE,2022-09-07  23-46-02,-21.3393,55.4781,69.91,64,100,5.75
415,Mudkhed,IN,2022-09-07  23-46-03,19.1667,77.5167,75.09,93,100,5.75
416,Shingu,JP,2022-09-07  23-46-03,33.7333,135.9833,81.75,78,95,7.74
417,Ada,US,2022-09-07  23-46-04,43.4166,-116.1262,97.99,18,53,18.99
418,Deniliquin,AU,2022-09-07  23-46-04,-35.5333,144.9667,54.68,94,100,20.31
419,Gigmoto,PH,2022-09-07  23-46-05,13.7796,124.39,84.51,76,79,4.9
420,Bilaspur,IN,2022-09-07  23-46-05,22.0833,82.15,77.14,88,80,4.76
421,Tautira,PF,2022-09-07  23-46-05,-17.7333,-149.15,76.77,77,17,21.23
422,Pontianak,ID,2022-09-07  23-45-59,-0.0333,109.3333,75.18,94,20,2.3
423,Suntar,RU,2022-09-07  23-46-06,62.1444,117.6319,42.66,88,43,7.11
424,Demba,CD,2022-09-07  23-46-07,-5.51,22.2667,73.11,68,44,2.15
425,Moron,AR,2022-09-07  23-46-07,-34.6534,-58.6198,68.05,70,2,6.85
426,Kiama,AU,2022-09-07  23-46-07,-34.6833,150.8667,67.24,71,98,15.61
427,Portland,US,2022-09-07  23-45-21,45.5234,-122.6762,84.99,46,40,18.41
428,Antibes,FR,2022-09-07  23-46-09,43.5624,7.1278,74.68,79,20,8.05
429,Littleton,US,2022-09-07  23-44-05,39.6133,-105.0166,96.89,15,20,17.27
430,Toamasina,MG,2022-09-07  23-45-07,-18.1667,49.3833,64.4,94,20,2.3
431,Zhangye,CN,2022-09-07  23-46-09,38.9342,100.4517,66.13,27,22,6.85
432,Tyrma,RU,2022-09-07  23-46-10,50.0833,132.1667,56.39,65,26,8.77
433,Tarbagatay,RU,2022-09-07  23-46-10,51.4803,107.3602,51.33,58,83,2.17
434,Labuhan,ID,2022-09-07  23-46-11,-6.8844,112.2051,78.91,83,69,7.7
435,Sativasur,CO,2022-09-07  23-46-11,6.0936,-72.7122,52.92,92,76,4.63
436,Gulu,UG,2022-09-07  23-46-12,2.7746,32.299,64.4,93,100,4.23
437,Sibolga,ID,2022-09-07  23-46-12,1.7427,98.7792,75.81,84,100,3.58
438,Kaeo,NZ,2022-09-07  23-46-12,-35.1,173.7833,57.92,58,26,4.16
439,Urumqi,CN,2022-09-07  23-46-13,43.801,87.6005,76.15,18,0,13.42
440,Kajansi,UG,2022-09-07  23-46-14,0.2081,32.5222,68.68,91,68,3.96
441,Cockburn Town,TC,2022-09-07  23-43-35,21.4612,-71.1419,83.43,74,5,11.14
442,Ayr,GB,2022-09-07  23-46-14,55.4627,-4.6339,60.69,88,20,4.61
443,Licheng,CN,2022-09-07  23-46-15,23.2955,113.8284,80.58,81,73,3.24
444,Wanaka,NZ,2022-09-07  23-46-15,-44.7,169.15,43.14,76,88,2.55
445,La Ronge,CA,2022-09-07  23-46-16,55.1001,-105.2842,70.05,35,75,10.36
446,Zhiryatino,RU,2022-09-07  23-46-16,53.2228,33.7306,48.52,90,100,5.82
447,Panormos,GR,2022-09-07  23-46-16,35.4182,24.6909,73.26,63,20,14.2
448,Oyama,JP,2022-09-07  23-46-17,36.3,139.8,77.59,91,100,7.27
449,Asau,RO,2022-09-07  23-46-17,46.4333,26.4,51.28,91,13,4.83
450,Moose Factory,CA,2022-09-07  23-45-49,51.2585,-80.6094,64.4,68,0,5.75
451,Toora-Khem,RU,2022-09-07  23-46-18,52.4675,96.11,54.63,57,29,3.15
452,Corner Brook,CA,2022-09-07  23-45-11,48.9667,-57.9484,50.16,82,98,2.39
453,Yulara,AU,2022-09-07  23-46-18,-25.2406,130.9889,60.78,35,0,13.69
454,Nandikotkur,IN,2022-09-07  23-46-19,15.8667,78.2667,76.14,85,100,1.97
455,Najran,SA,2022-09-07  23-42-10,17.4924,44.1277,79.45,23,5,3.13
456,Bobo Dioulasso,BF,2022-09-07  23-46-20,11.1771,-4.2979,75.65,100,20,2.3
457,Yurla,RU,2022-09-07  23-46-20,59.3259,54.3223,43.45,96,100,2.24
458,Smithers,CA,2022-09-07  23-46-21,54.7804,-127.1743,59.32,58,75,9.22
459,Namur,BE,2022-09-07  23-46-24,50.4669,4.8675,62.62,94,97,6.53
460,Martapura,ID,2022-09-07  23-46-24,-3.4167,114.85,77.09,94,20,3.44
461,Lasa,IT,2022-09-07  23-46-25,46.6166,10.7002,65.28,96,96,5.19
462,Moindou,NC,2022-09-07  23-46-25,-21.6924,165.677,73.44,64,12,5.88
463,Amahai,ID,2022-09-07  23-46-26,-3.3333,128.9167,80.22,79,92,2.39
464,Lufilufi,WS,2022-09-07  23-46-26,-13.8745,-171.5986,80.85,70,38,20.2
465,Cermik,TR,2022-09-07  23-46-27,38.1361,39.4493,68.68,34,0,6.15
466,Taquari,BR,2022-09-07  23-46-27,-29.7997,-51.8644,65.32,85,17,3.24
467,Fort-Shevchenko,KZ,2022-09-07  23-46-27,44.5086,50.263,65.55,64,99,2.1
468,Klaksvik,FO,2022-09-07  23-46-28,62.2266,-6.589,58.12,98,71,17.05
469,Cascais,PT,2022-09-07  23-46-28,38.6979,-9.4215,70.97,70,36,11.99
470,Jiexiu,CN,2022-09-07  23-46-29,37.0244,111.9125,69.55,40,99,2.46
471,Dongning,CN,2022-09-07  23-46-29,44.0622,131.1207,69.51,67,0,6.02
472,Lugovoy,KZ,2022-09-07  23-46-30,42.9472,72.7644,66.52,40,0,5.88
473,Jumla,NP,2022-09-07  23-46-30,29.2747,82.1838,60.22,90,71,1.03
474,Antofagasta,CL,2022-09-07  23-42-18,-23.65,-70.4,56.48,83,36,4.94
475,Robertsport,LR,2022-09-07  23-46-30,6.7533,-11.3686,76.91,85,99,11.34
476,Puerto Penasco,MX,2022-09-07  23-46-31,31.3167,-113.5333,87.91,71,4,11.01
477,Pringsewu,ID,2022-09-07  23-46-31,-5.3582,104.9744,73.72,95,100,2.17
478,Dalian,CN,2022-09-07  23-46-32,38.9122,121.6022,73.33,56,0,0.0
479,Los Llanos De Aridane,ES,2022-09-07  23-46-32,28.6585,-17.9182,69.55,93,0,9.22
480,Rundu,NA,2022-09-07  23-46-32,-17.9333,19.7667,64.67,25,0,7.11
481,Pokhara,NP,2022-09-07  23-46-33,28.2333,83.9833,68.77,84,34,4.43
482,Prince Rupert,CA,2022-09-07  23-46-33,54.3161,-130.3201,58.69,88,75,18.41
483,Valdemarpils,LV,2022-09-07  23-46-33,57.3707,22.5919,50.49,69,48,4.54
484,Manado,ID,2022-09-07  23-46-34,1.487,124.8455,81.37,78,20,1.14
485,Laredo,US,2022-09-07  23-46-34,27.5064,-99.5075,91.69,49,0,4.61
486,Svetlogorsk,BY,2022-09-07  23-46-34,52.6333,29.7333,46.83,67,95,5.17
487,Mbour,SN,2022-09-07  23-46-35,14.422,-16.9638,79.65,77,69,9.15
488,Richards Bay,ZA,2022-09-07  23-46-35,-28.783,32.0377,64.76,76,0,13.33
489,Pershotravneve,UA,2022-09-07  23-46-35,51.3929,28.8684,43.52,62,1,4.56
490,Marivan,IR,2022-09-07  23-46-36,35.5219,46.176,70.45,34,1,3.0
491,Hokitika,NZ,2022-09-07  23-46-36,-42.7167,170.9667,51.26,74,34,3.38
492,Galesong,ID,2022-09-07  23-46-37,-5.3166,119.3661,77.02,70,89,6.02
493,Ban Bung,TH,2022-09-07  23-46-37,18.3081,100.7044,72.88,98,87,1.86
494,Zheshart,RU,2022-09-07  23-46-38,62.0731,49.5733,35.74,96,98,5.41
495,Gizo,SB,2022-09-07  23-46-38,-8.103,156.8419,83.39,72,32,5.5
496,Skjervoy,NO,2022-09-07  23-46-38,70.0311,20.9714,46.4,74,100,5.5
497,Poum,NC,2022-09-07  23-46-39,-20.2333,164.0167,72.46,77,49,3.71
498,Pemangkat,ID,2022-09-07  23-42-02,1.1667,108.9667,77.85,84,98,0.94
499,Morgan City,US,2022-09-07  23-46-39,29.6994,-91.2068,72.0,88,43,9.93
500,Udachnyy,RU,2022-09-07  23-46-39,66.4167,112.4,39.45,86,75,6.29
501,Okha,RU,2022-09-07  23-46-40,53.5739,142.9478,55.18,67,100,26.46
502,Dire,ML,2022-09-07  23-46-40,12.2833,-10.9667,73.94,93,81,1.45
503,Redcliffe,AU,2022-09-07  23-46-40,-27.2307,153.0973,68.14,66,75,5.75
504,Harer,ET,2022-09-07  23-46-41,9.3094,42.1258,58.73,90,14,6.69
505,Belaya Kholunitsa,RU,2022-09-07  23-46-36,58.84,50.8528,44.58,98,100,1.48
506,Develi,TR,2022-09-07  23-46-44,38.3906,35.4922,49.35,66,0,1.59
507,Aksarayskiy,RU,2022-09-07  23-46-44,46.7924,48.0119,51.17,54,7,3.87
508,Hervey Bay,AU,2022-09-07  23-46-45,-25.2986,152.8535,71.02,65,16,3.0
509,Bintulu,MY,2022-09-07  23-46-45,3.1667,113.0333,75.61,94,40,2.3
510,Gornozavodsk,RU,2022-09-07  23-46-45,58.3758,58.3211,40.87,95,92,3.29
511,Samarai,PG,2022-09-07  23-46-46,-10.6167,150.6667,81.19,78,43,9.44
512,Daru,PG,2022-09-07  23-46-46,-9.0763,143.2092,80.6,83,80,13.71
513,Neiafu,TO,2022-09-07  23-46-46,-18.65,-173.9833,81.28,78,20,9.22
514,San Cristobal,VE,2022-09-07  23-46-47,7.7669,-72.225,80.78,97,36,3.38
515,Mayfield,US,2022-09-07  23-46-47,36.7417,-88.6367,80.98,64,40,3.44
516,Safford,US,2022-09-07  23-46-47,32.834,-109.7076,94.12,20,0,10.36
517,Sukhobuzimskoye,RU,2022-09-07  23-46-47,56.5,93.2728,62.67,66,100,13.71
518,Chivolo,CO,2022-09-07  23-46-48,10.025,-74.6228,78.37,87,100,7.58
519,Mata,PT,2022-09-07  23-46-48,40.683,-7.4592,62.76,93,100,2.89
520,Kangaatsiaq,GL,2022-09-07  23-46-48,68.3065,-53.4641,39.27,92,100,9.55
521,Ginda,IN,2022-09-07  23-46-49,30.6945,78.4932,61.59,81,0,4.88
522,Uruzgan,AF,2022-09-07  23-46-49,32.8333,66.0,69.94,20,0,1.95
523,Inhambane,MZ,2022-09-07  23-46-49,-23.865,35.3833,70.14,61,100,7.27
524,Presidente Bernardes,BR,2022-09-07  23-46-50,-22.0061,-51.5531,73.78,50,13,7.2
525,Bumba,CD,2022-09-07  23-46-50,2.1833,22.4667,71.44,95,95,2.39
526,Isangel,VU,2022-09-07  23-46-50,-19.55,169.2667,82.51,78,75,4.61
527,Egvekinot,RU,2022-09-07  23-45-45,66.3167,-179.1667,38.82,68,4,0.92
528,La Palma,US,2022-09-07  23-46-51,33.8464,-118.0467,107.87,48,75,11.5
529,Kemijarvi,FI,2022-09-07  23-46-51,66.7131,27.4306,34.18,83,89,2.53
530,Sinnamary,GF,2022-09-07  23-46-51,5.3833,-52.95,78.49,87,55,11.03
531,Fallon,US,2022-09-07  23-42-08,39.4735,-118.7774,102.07,8,40,0.0
532,Kysyl-Syr,RU,2022-09-07  23-46-52,63.8986,122.7617,44.26,81,71,7.43
533,Itoman,JP,2022-09-07  23-46-52,26.1247,127.6694,82.78,74,75,17.27
534,Totness,SR,2022-09-07  23-46-52,5.8833,-56.3167,80.53,83,9,12.41
535,Thinadhoo,MV,2022-09-07  23-44-40,0.5333,72.9333,82.44,70,100,15.19
536,Vestmannaeyjar,IS,2022-09-07  23-46-53,63.4427,-20.2734,53.74,87,100,8.37
537,Vila Franca Do Campo,PT,2022-09-07  23-44-58,37.7167,-25.4333,79.2,90,72,10.42
538,Onega,RU,2022-09-07  23-46-53,63.9061,38.1404,41.47,89,96,7.11
539,Nakhon Si Thammarat,TH,2022-09-07  23-46-53,8.25,100.0,78.8,81,100,4.99
540,Shimoda,JP,2022-09-07  23-46-54,34.6667,138.95,77.36,88,100,9.19
541,Burgeo,CA,2022-09-07  23-46-54,47.6167,-57.6152,59.7,64,100,4.41
542,Chapais,CA,2022-09-07  23-46-54,49.7834,-74.8492,64.18,64,100,4.88
543,Teseney,ER,2022-09-07  23-46-55,15.11,36.6575,75.54,73,95,3.56
544,Kavaratti,IN,2022-09-07  23-46-55,10.5669,72.642,79.59,82,100,26.93
545,Valle De Allende,MX,2022-09-07  23-46-55,26.9333,-105.4,73.02,61,100,2.8
546,Lagoa,PT,2022-09-07  23-43-07,39.05,-27.9833,74.84,88,99,21.34
547,Tecolutla,MX,2022-09-07  23-46-56,20.4833,-97.0167,81.75,78,59,8.52
548,Bam,IR,2022-09-07  23-46-56,29.106,58.357,79.79,12,0,3.87
549,Nemuro,JP,2022-09-07  23-45-44,43.3236,145.575,64.6,83,75,10.51
550,Dicamay,PH,2022-09-07  23-46-56,16.7561,122.0037,79.81,86,55,1.66
551,Pemba,MZ,2022-09-07  23-47-00,-12.974,40.5178,71.42,73,0,10.27
552,Dongsheng,CN,2022-09-07  23-47-00,39.8161,109.9776,64.54,38,17,6.85
553,Ojinaga,MX,2022-09-07  23-47-00,29.5667,-104.4167,88.75,40,0,5.75
554,French Harbor,HN,2022-09-07  23-47-01,16.35,-86.4333,86.0,86,40,8.05
555,Kieta,PG,2022-09-07  23-47-01,-6.2167,155.6333,85.01,67,39,6.17
556,Samarinda,ID,2022-09-07  23-47-01,-0.5,117.15,73.74,97,100,0.38
557,Olafsvik,IS,2022-09-07  23-45-34,64.8945,-23.7142,52.36,78,37,3.47
558,Alice Springs,AU,2022-09-07  23-46-28,-23.7,133.8833,62.15,26,0,1.14
559,Iglesias,IT,2022-09-07  23-47-02,39.3114,8.535,76.78,84,51,2.35
560,Sharlyk,RU,2022-09-07  23-47-02,52.9167,54.75,47.86,62,90,7.7
561,Marawi,PH,2022-09-07  23-47-02,7.9986,124.2928,73.44,86,100,0.6
562,Andros Town,BS,2022-09-07  23-47-03,24.7,-77.7667,84.34,68,40,7.7
563,Ballina,AU,2022-09-07  23-47-03,-28.8667,153.5667,62.78,90,40,2.42
564,Stolin,BY,2022-09-07  23-47-03,51.8912,26.846,43.21,63,2,1.7
565,La Plata,AR,2022-09-07  23-47-04,-34.9215,-57.9545,66.02,69,1,7.7
566,Bodden Town,KY,2022-09-07  23-47-04,19.2833,-81.25,86.0,74,40,0.0
567,Metro,ID,2022-09-07  23-44-14,-5.1131,105.3067,75.0,90,100,3.65
568,Mount Gambier,AU,2022-09-07  23-47-05,-37.8333,140.7667,57.11,94,100,14.97
569,Nisia Floresta,BR,2022-09-07  23-47-05,-6.0911,-35.2086,77.38,77,0,13.24
570,Aldan,RU,2022-09-07  23-47-05,58.6031,125.3894,38.57,93,100,12.3
